episode,phase,total_reward,steps,success,n_licks,n_successes,intra_trial_duration,critic_loss,actor_loss,alpha
1,1.0,-12.55,500,0,201,0,nan,nan,nan,nan
2,1.0,-11.8,500,1,206,1,302.0,nan,nan,nan
3,1.0,-12.75,500,0,205,0,nan,nan,nan,nan
4,1.0,-12.15,500,0,193,0,nan,nan,nan,nan
5,1.0,-11.6,500,0,182,0,nan,0.933473,-0.003843,nan
6,1.0,-10.7,500,0,164,0,nan,nan,nan,nan
7,1.0,-10.8,500,0,166,0,nan,nan,nan,nan
8,1.0,-11.45,500,1,199,1,216.0,nan,nan,nan
9,1.0,-10.3,500,0,156,0,nan,0.324444,0.004934,nan
10,1.0,-8.7,500,0,124,0,nan,nan,nan,nan
11,1.0,-8.95,500,0,129,0,nan,nan,nan,nan
12,1.0,-9.85,500,0,147,0,nan,nan,nan,nan
13,1.0,-9.25,500,0,135,0,nan,0.263361,0.008505,nan
14,1.0,-7.95,500,0,109,0,nan,nan,nan,nan
15,1.0,-8.4,500,0,118,0,nan,nan,nan,nan
16,1.0,-7.65,500,0,103,0,nan,nan,nan,nan
17,1.0,-9.1,500,0,132,0,nan,0.178134,0.001686,nan
18,1.0,-9.55,500,0,141,0,nan,nan,nan,nan
19,1.0,-9.15,500,0,133,0,nan,nan,nan,nan
20,1.0,-9.6,500,0,142,0,nan,nan,nan,nan
21,1.0,-8.4,500,0,118,0,nan,0.19381,0.00207,nan
22,1.0,-8.1,500,0,112,0,nan,nan,nan,nan
23,1.0,-8.45,500,0,119,0,nan,nan,nan,nan
24,1.0,-7.85,500,0,107,0,nan,nan,nan,nan
25,1.0,-7.95,500,0,109,0,nan,0.164851,-0.003683,nan
26,1.0,-7.55,500,0,101,0,nan,nan,nan,nan
27,1.0,-7.55,500,0,101,0,nan,nan,nan,nan
28,1.0,-7.15,500,0,93,0,nan,nan,nan,nan
29,1.0,-6.2,500,0,74,0,nan,0.160355,-0.007046,nan
30,1.0,-6.5,500,0,80,0,nan,nan,nan,nan
31,1.0,-5.4,500,0,58,0,nan,nan,nan,nan
32,1.0,-5.65,500,0,63,0,nan,nan,nan,nan
33,1.0,-6.1,500,0,72,0,nan,0.109276,-0.003147,nan
34,1.0,-4.95,500,0,49,0,nan,nan,nan,nan
35,1.0,-5.1,500,0,52,0,nan,nan,nan,nan
36,1.0,-5.45,500,0,59,0,nan,nan,nan,nan
37,1.0,-4.65,500,0,43,0,nan,0.07612,-0.004002,nan
38,1.0,-4.5,500,0,40,0,nan,nan,nan,nan
39,1.0,-4.25,500,0,35,0,nan,nan,nan,nan
40,1.0,-4.15,500,0,33,0,nan,nan,nan,nan
41,1.0,-4.25,500,0,35,0,nan,0.047003,-0.001015,nan
42,1.0,-4.55,500,0,41,0,nan,nan,nan,nan
43,1.0,-4.2,500,0,34,0,nan,nan,nan,nan
44,1.0,-4.35,500,0,37,0,nan,nan,nan,nan
45,1.0,-3.9,500,0,28,0,nan,nan,nan,nan
46,1.0,-3.85,500,0,27,0,nan,0.057947,-0.001529,nan
47,1.0,-4.05,500,0,31,0,nan,nan,nan,nan
48,1.0,-3.95,500,0,29,0,nan,nan,nan,nan
49,1.0,-4.05,500,0,31,0,nan,nan,nan,nan
50,1.0,-3.35,500,0,17,0,nan,0.044642,-0.0057,nan
51,1.0,-3.3,500,0,16,0,nan,nan,nan,nan
52,1.0,-3.6,500,0,22,0,nan,nan,nan,nan
53,1.0,-4.0,500,0,30,0,nan,nan,nan,nan
54,1.0,-3.3,500,0,16,0,nan,0.035243,-0.00189,nan
55,1.0,-3.35,500,0,17,0,nan,nan,nan,nan
56,1.0,-3.4,500,0,18,0,nan,nan,nan,nan
57,1.0,-3.3,500,0,16,0,nan,nan,nan,nan
58,1.0,-3.1,500,0,12,0,nan,0.026433,-0.001094,nan
59,1.0,-3.15,500,0,13,0,nan,nan,nan,nan
60,1.0,-3.3,500,0,16,0,nan,nan,nan,nan
61,1.0,-3.45,500,0,19,0,nan,nan,nan,nan
62,1.0,-3.4,500,0,18,0,nan,0.028975,-0.001968,nan
63,1.0,-3.3,500,0,16,0,nan,nan,nan,nan
64,1.0,-3.4,500,0,18,0,nan,nan,nan,nan
65,1.0,-3.25,500,0,15,0,nan,nan,nan,nan
66,1.0,-3.05,500,0,11,0,nan,0.024839,-0.004628,nan
67,1.0,-3.0,500,0,10,0,nan,nan,nan,nan
68,1.0,-3.1,500,0,12,0,nan,nan,nan,nan
69,1.0,-2.8,500,0,6,0,nan,nan,nan,nan
70,1.0,-2.95,500,0,9,0,nan,0.022818,0.001087,nan
71,1.0,-2.8,500,0,6,0,nan,nan,nan,nan
72,1.0,-2.9,500,0,8,0,nan,nan,nan,nan
73,1.0,-2.95,500,0,9,0,nan,nan,nan,nan
74,1.0,-2.7,500,0,4,0,nan,0.022338,-0.003462,nan
75,1.0,-2.85,500,0,7,0,nan,nan,nan,nan
76,1.0,-3.0,500,0,10,0,nan,nan,nan,nan
77,1.0,-2.9,500,0,8,0,nan,nan,nan,nan
78,1.0,-2.75,500,0,5,0,nan,0.023327,0.000622,nan
79,1.0,-2.85,500,0,7,0,nan,nan,nan,nan
80,1.0,-2.95,500,0,9,0,nan,nan,nan,nan
81,1.0,-2.65,500,0,3,0,nan,nan,nan,nan
82,1.0,-2.65,500,0,3,0,nan,0.019168,-0.000882,nan
83,1.0,-2.6,500,0,2,0,nan,nan,nan,nan
84,1.0,-2.7,500,0,4,0,nan,nan,nan,nan
85,1.0,-2.7,500,0,4,0,nan,nan,nan,nan
86,1.0,-2.9,500,0,8,0,nan,nan,nan,nan
87,1.0,-2.9,500,0,8,0,nan,0.019197,-0.001254,nan
88,1.0,-2.85,500,0,7,0,nan,nan,nan,nan
89,1.0,-2.75,500,0,5,0,nan,nan,nan,nan
90,1.0,-2.7,500,0,4,0,nan,nan,nan,nan
91,1.0,-2.75,500,0,5,0,nan,0.018823,-0.000434,nan
92,1.0,-2.7,500,0,4,0,nan,nan,nan,nan
93,1.0,-2.65,500,0,3,0,nan,nan,nan,nan
94,1.0,-2.8,500,0,6,0,nan,nan,nan,nan
95,1.0,-2.6,500,0,2,0,nan,0.017731,-0.002374,nan
96,1.0,-2.55,500,0,1,0,nan,nan,nan,nan
97,1.0,-2.85,500,0,7,0,nan,nan,nan,nan
98,1.0,-2.8,500,0,6,0,nan,nan,nan,nan
99,1.0,-2.6,500,0,2,0,nan,0.01806,-0.000798,nan
100,1.0,-2.7,500,0,4,0,nan,nan,nan,nan
101,1.0,-2.55,500,0,1,0,nan,nan,nan,nan
102,1.0,-2.55,500,0,1,0,nan,nan,nan,nan
103,1.0,-2.8,500,0,6,0,nan,0.017794,-0.001644,nan
104,1.0,-2.6,500,0,2,0,nan,nan,nan,nan
105,1.0,-2.65,500,0,3,0,nan,nan,nan,nan
106,1.0,-2.6,500,0,2,0,nan,nan,nan,nan
107,1.0,-2.7,500,0,4,0,nan,0.016716,0.002484,nan
108,1.0,-2.8,500,0,6,0,nan,nan,nan,nan
109,1.0,-2.5,500,0,0,0,nan,nan,nan,nan
110,1.0,-2.7,500,0,4,0,nan,nan,nan,nan
111,1.0,-2.6,500,0,2,0,nan,0.015983,0.000126,nan
112,1.0,-2.65,500,0,3,0,nan,nan,nan,nan
113,1.0,-2.6,500,0,2,0,nan,nan,nan,nan
114,1.0,-2.6,500,0,2,0,nan,nan,nan,nan
115,1.0,-2.6,500,0,2,0,nan,0.015429,-0.000116,nan
116,1.0,-2.65,500,0,3,0,nan,nan,nan,nan
117,1.0,-2.65,500,0,3,0,nan,nan,nan,nan
118,1.0,-2.85,500,0,7,0,nan,nan,nan,nan
119,1.0,-2.65,500,0,3,0,nan,0.01819,-0.003222,nan
120,1.0,-2.5,500,0,0,0,nan,nan,nan,nan
121,1.0,-2.55,500,0,1,0,nan,nan,nan,nan
122,1.0,-2.6,500,0,2,0,nan,nan,nan,nan
123,1.0,-2.7,500,0,4,0,nan,0.01716,-0.002337,nan
124,1.0,-2.5,500,0,0,0,nan,nan,nan,nan
125,1.0,-2.6,500,0,2,0,nan,nan,nan,nan
126,1.0,-2.65,500,0,3,0,nan,nan,nan,nan
127,1.0,-2.5,500,0,0,0,nan,0.014662,0.000946,nan
128,1.0,-2.65,500,0,3,0,nan,nan,nan,nan
129,1.0,-2.55,500,0,1,0,nan,nan,nan,nan
130,1.0,-2.5,500,0,0,0,nan,nan,nan,nan
131,1.0,-2.55,500,0,1,0,nan,nan,nan,nan
132,1.0,-2.5,500,0,0,0,nan,0.017094,-7.1e-05,nan
133,1.0,-2.5,500,0,0,0,nan,nan,nan,nan
134,1.0,-2.55,500,0,1,0,nan,nan,nan,nan
135,1.0,-2.65,500,0,3,0,nan,nan,nan,nan
136,1.0,-2.5,500,0,0,0,nan,0.013767,0.00027,nan
137,1.0,-2.5,500,0,0,0,nan,nan,nan,nan
138,1.0,-2.5,500,0,0,0,nan,nan,nan,nan
139,1.0,-2.5,500,0,0,0,nan,nan,nan,nan
140,1.0,-2.5,500,0,0,0,nan,0.014307,-0.002833,nan
141,1.0,-2.55,500,0,1,0,nan,nan,nan,nan
142,1.0,-2.55,500,0,1,0,nan,nan,nan,nan
143,1.0,-2.55,500,0,1,0,nan,nan,nan,nan
144,1.0,-2.5,500,0,0,0,nan,0.015529,-0.0014,nan
145,1.0,-2.5,500,0,0,0,nan,nan,nan,nan
146,1.0,-2.55,500,0,1,0,nan,nan,nan,nan
147,1.0,-2.6,500,0,2,0,nan,nan,nan,nan
148,1.0,-2.5,500,0,0,0,nan,0.014881,0.001021,nan
149,1.0,-2.55,500,0,1,0,nan,nan,nan,nan
150,1.0,-2.55,500,0,1,0,nan,nan,nan,nan
151,1.0,-2.55,500,0,1,0,nan,nan,nan,nan
152,1.0,-2.5,500,0,0,0,nan,0.01432,-0.001119,nan
153,1.0,-2.5,500,0,0,0,nan,nan,nan,nan
154,1.0,-2.5,500,0,0,0,nan,nan,nan,nan
155,1.0,-2.55,500,0,1,0,nan,nan,nan,nan
156,1.0,-2.5,500,0,0,0,nan,0.014838,-0.000416,nan
157,1.0,-2.5,500,0,0,0,nan,nan,nan,nan
158,1.0,-2.55,500,0,1,0,nan,nan,nan,nan
159,1.0,-2.55,500,0,1,0,nan,nan,nan,nan
160,1.0,-2.5,500,0,0,0,nan,0.015237,-0.001832,nan
161,1.0,-2.5,500,0,0,0,nan,nan,nan,nan
162,1.0,-2.5,500,0,0,0,nan,nan,nan,nan
163,1.0,-2.5,500,0,0,0,nan,nan,nan,nan
164,1.0,-2.5,500,0,0,0,nan,0.01483,-0.001008,nan
165,1.0,-2.6,500,0,2,0,nan,nan,nan,nan
166,1.0,-2.5,500,0,0,0,nan,nan,nan,nan
167,1.0,-2.5,500,0,0,0,nan,nan,nan,nan
168,1.0,-2.5,500,0,0,0,nan,0.015321,-0.000889,nan
169,1.0,-2.5,500,0,0,0,nan,nan,nan,nan
170,1.0,-2.55,500,0,1,0,nan,nan,nan,nan
171,1.0,-2.5,500,0,0,0,nan,nan,nan,nan
172,1.0,-2.5,500,0,0,0,nan,nan,nan,nan
173,1.0,-2.5,500,0,0,0,nan,0.01637,3.8e-05,nan
174,1.0,-2.5,500,0,0,0,nan,nan,nan,nan
175,1.0,-2.55,500,0,1,0,nan,nan,nan,nan
176,1.0,-2.5,500,0,0,0,nan,nan,nan,nan
177,1.0,-2.55,500,0,1,0,nan,0.015127,-0.000136,nan
178,1.0,-2.55,500,0,1,0,nan,nan,nan,nan
179,1.0,-2.5,500,0,0,0,nan,nan,nan,nan
180,1.0,-2.5,500,0,0,0,nan,nan,nan,nan
181,1.0,-2.55,500,0,1,0,nan,0.014776,0.00111,nan
182,1.0,-2.5,500,0,0,0,nan,nan,nan,nan
183,1.0,-2.5,500,0,0,0,nan,nan,nan,nan
184,1.0,-2.5,500,0,0,0,nan,nan,nan,nan
185,1.0,-2.5,500,0,0,0,nan,0.01476,-0.003539,nan
186,1.0,-2.5,500,0,0,0,nan,nan,nan,nan
187,1.0,-2.5,500,0,0,0,nan,nan,nan,nan
188,1.0,-2.5,500,0,0,0,nan,nan,nan,nan
189,1.0,-2.5,500,0,0,0,nan,0.014369,0.001657,nan
190,1.0,-2.5,500,0,0,0,nan,nan,nan,nan
191,1.0,-2.5,500,0,0,0,nan,nan,nan,nan
192,1.0,-2.5,500,0,0,0,nan,nan,nan,nan
193,1.0,-2.5,500,0,0,0,nan,0.014485,0.000785,nan
194,1.0,-2.5,500,0,0,0,nan,nan,nan,nan
195,1.0,-2.5,500,0,0,0,nan,nan,nan,nan
196,1.0,-2.5,500,0,0,0,nan,nan,nan,nan
197,1.0,-2.5,500,0,0,0,nan,0.014552,-0.000182,nan
198,1.0,-2.5,500,0,0,0,nan,nan,nan,nan
199,1.0,-2.5,500,0,0,0,nan,nan,nan,nan
200,1.0,-2.55,500,0,1,0,nan,nan,nan,nan
201,1.0,-2.5,500,0,0,0,nan,0.01471,-0.000642,nan
202,1.0,-2.5,500,0,0,0,nan,nan,nan,nan
203,1.0,-2.5,500,0,0,0,nan,nan,nan,nan
204,1.0,-2.5,500,0,0,0,nan,nan,nan,nan
205,1.0,-2.55,500,0,1,0,nan,0.01544,-0.001521,nan
206,1.0,-2.5,500,0,0,0,nan,nan,nan,nan
207,1.0,-2.5,500,0,0,0,nan,nan,nan,nan
208,1.0,-2.5,500,0,0,0,nan,nan,nan,nan
209,1.0,-2.5,500,0,0,0,nan,0.015033,-3.1e-05,nan
210,1.0,-2.5,500,0,0,0,nan,nan,nan,nan
211,1.0,-2.5,500,0,0,0,nan,nan,nan,nan
212,1.0,-2.5,500,0,0,0,nan,nan,nan,nan
213,1.0,-2.5,500,0,0,0,nan,0.014739,0.001178,nan
214,1.0,-2.5,500,0,0,0,nan,nan,nan,nan
215,1.0,-2.5,500,0,0,0,nan,nan,nan,nan
216,1.0,-2.5,500,0,0,0,nan,nan,nan,nan
217,1.0,-2.5,500,0,0,0,nan,nan,nan,nan
218,1.0,-2.5,500,0,0,0,nan,0.014978,0.001155,nan
219,1.0,-2.5,500,0,0,0,nan,nan,nan,nan
220,1.0,-2.5,500,0,0,0,nan,nan,nan,nan
221,1.0,-2.5,500,0,0,0,nan,nan,nan,nan
222,1.0,-2.5,500,0,0,0,nan,0.014524,-0.000822,nan
223,1.0,-2.5,500,0,0,0,nan,nan,nan,nan
224,1.0,-2.5,500,0,0,0,nan,nan,nan,nan
225,1.0,-2.5,500,0,0,0,nan,nan,nan,nan
226,1.0,-2.5,500,0,0,0,nan,0.014356,-0.001703,nan
227,1.0,-2.5,500,0,0,0,nan,nan,nan,nan
228,1.0,-2.5,500,0,0,0,nan,nan,nan,nan
229,1.0,-2.5,500,0,0,0,nan,nan,nan,nan
230,1.0,-2.5,500,0,0,0,nan,0.01433,0.001969,nan
231,1.0,-2.5,500,0,0,0,nan,nan,nan,nan
232,1.0,-2.5,500,0,0,0,nan,nan,nan,nan
233,1.0,-2.5,500,0,0,0,nan,nan,nan,nan
234,1.0,-2.5,500,0,0,0,nan,0.014372,-0.003526,nan
235,1.0,-2.5,500,0,0,0,nan,nan,nan,nan
236,1.0,-2.5,500,0,0,0,nan,nan,nan,nan
237,1.0,-2.5,500,0,0,0,nan,nan,nan,nan
238,1.0,-2.5,500,0,0,0,nan,0.014444,0.000511,nan
239,1.0,-2.5,500,0,0,0,nan,nan,nan,nan
240,1.0,-2.5,500,0,0,0,nan,nan,nan,nan
241,1.0,-2.5,500,0,0,0,nan,nan,nan,nan
242,1.0,-2.5,500,0,0,0,nan,0.014634,-0.000145,nan
243,1.0,-2.5,500,0,0,0,nan,nan,nan,nan
244,1.0,-2.5,500,0,0,0,nan,nan,nan,nan
245,1.0,-2.5,500,0,0,0,nan,nan,nan,nan
246,1.0,-2.55,500,0,1,0,nan,0.015199,0.000186,nan
247,1.0,-2.5,500,0,0,0,nan,nan,nan,nan
248,1.0,-2.5,500,0,0,0,nan,nan,nan,nan
249,1.0,-2.5,500,0,0,0,nan,nan,nan,nan
250,1.0,-2.5,500,0,0,0,nan,0.015018,0.001847,nan
251,1.0,-2.5,500,0,0,0,nan,nan,nan,nan
252,1.0,-2.5,500,0,0,0,nan,nan,nan,nan
253,1.0,-2.5,500,0,0,0,nan,nan,nan,nan
254,1.0,-2.5,500,0,0,0,nan,0.014972,0.000451,nan
255,1.0,-2.5,500,0,0,0,nan,nan,nan,nan
256,1.0,-2.5,500,0,0,0,nan,nan,nan,nan
257,1.0,-2.5,500,0,0,0,nan,nan,nan,nan
258,1.0,-2.5,500,0,0,0,nan,nan,nan,nan
259,1.0,-2.5,500,0,0,0,nan,0.015995,-4.7e-05,nan
260,1.0,-2.5,500,0,0,0,nan,nan,nan,nan
261,1.0,-2.5,500,0,0,0,nan,nan,nan,nan
262,1.0,-2.5,500,0,0,0,nan,nan,nan,nan
263,1.0,-2.55,500,0,1,0,nan,0.014534,-0.003111,nan
264,1.0,-2.5,500,0,0,0,nan,nan,nan,nan
265,1.0,-2.5,500,0,0,0,nan,nan,nan,nan
266,1.0,-2.5,500,0,0,0,nan,nan,nan,nan
267,1.0,-2.5,500,0,0,0,nan,0.014754,0.000916,nan
268,1.0,-2.5,500,0,0,0,nan,nan,nan,nan
269,1.0,-2.5,500,0,0,0,nan,nan,nan,nan
270,1.0,-2.5,500,0,0,0,nan,nan,nan,nan
271,1.0,-2.5,500,0,0,0,nan,0.014385,0.001279,nan
272,1.0,-2.5,500,0,0,0,nan,nan,nan,nan
273,1.0,-2.5,500,0,0,0,nan,nan,nan,nan
274,1.0,-2.5,500,0,0,0,nan,nan,nan,nan
275,1.0,-2.5,500,0,0,0,nan,0.014297,-0.000804,nan
276,1.0,-2.5,500,0,0,0,nan,nan,nan,nan
277,1.0,-2.5,500,0,0,0,nan,nan,nan,nan
278,1.0,-2.5,500,0,0,0,nan,nan,nan,nan
279,1.0,-2.5,500,0,0,0,nan,0.014424,-0.003235,nan
280,1.0,-2.5,500,0,0,0,nan,nan,nan,nan
281,1.0,-2.5,500,0,0,0,nan,nan,nan,nan
282,1.0,-2.5,500,0,0,0,nan,nan,nan,nan
283,1.0,-2.5,500,0,0,0,nan,0.014496,0.000869,nan
284,1.0,-2.5,500,0,0,0,nan,nan,nan,nan
285,1.0,-2.5,500,0,0,0,nan,nan,nan,nan
286,1.0,-2.5,500,0,0,0,nan,nan,nan,nan
287,1.0,-2.5,500,0,0,0,nan,0.014718,0.000343,nan
288,1.0,-2.5,500,0,0,0,nan,nan,nan,nan
289,1.0,-2.5,500,0,0,0,nan,nan,nan,nan
290,1.0,-2.5,500,0,0,0,nan,nan,nan,nan
291,1.0,-2.5,500,0,0,0,nan,0.014868,0.00019,nan
292,1.0,-2.5,500,0,0,0,nan,nan,nan,nan
293,1.0,-2.5,500,0,0,0,nan,nan,nan,nan
294,1.0,-2.5,500,0,0,0,nan,nan,nan,nan
295,1.0,-2.5,500,0,0,0,nan,0.01506,0.002084,nan
296,1.0,-2.5,500,0,0,0,nan,nan,nan,nan
297,1.0,-2.5,500,0,0,0,nan,nan,nan,nan
298,1.0,-2.5,500,0,0,0,nan,nan,nan,nan
299,1.0,-2.5,500,0,0,0,nan,nan,nan,nan
300,1.0,-2.5,500,0,0,0,nan,0.016641,8e-06,nan
301,1.0,-2.5,500,0,0,0,nan,nan,nan,nan
302,1.0,-2.5,500,0,0,0,nan,nan,nan,nan
303,1.0,-2.5,500,0,0,0,nan,nan,nan,nan
304,1.0,-2.5,500,0,0,0,nan,0.014636,0.001198,nan
305,1.0,-2.5,500,0,0,0,nan,nan,nan,nan
306,1.0,-2.5,500,0,0,0,nan,nan,nan,nan
307,1.0,-2.5,500,0,0,0,nan,nan,nan,nan
308,1.0,-2.5,500,0,0,0,nan,0.014408,-0.002367,nan
309,1.0,-2.5,500,0,0,0,nan,nan,nan,nan
310,1.0,-2.5,500,0,0,0,nan,nan,nan,nan
311,1.0,-2.5,500,0,0,0,nan,nan,nan,nan
312,1.0,-2.5,500,0,0,0,nan,0.014435,0.001769,nan
313,1.0,-2.5,500,0,0,0,nan,nan,nan,nan
314,1.0,-2.5,500,0,0,0,nan,nan,nan,nan
315,1.0,-2.5,500,0,0,0,nan,nan,nan,nan
316,1.0,-2.5,500,0,0,0,nan,0.014383,-0.001125,nan
317,1.0,-2.5,500,0,0,0,nan,nan,nan,nan
318,1.0,-2.5,500,0,0,0,nan,nan,nan,nan
319,1.0,-2.5,500,0,0,0,nan,nan,nan,nan
320,1.0,-2.5,500,0,0,0,nan,0.014359,-0.000914,nan
321,1.0,-2.5,500,0,0,0,nan,nan,nan,nan
322,1.0,-2.5,500,0,0,0,nan,nan,nan,nan
323,1.0,-2.5,500,0,0,0,nan,nan,nan,nan
324,1.0,-2.5,500,0,0,0,nan,0.014519,0.001113,nan
325,1.0,-2.5,500,0,0,0,nan,nan,nan,nan
326,1.0,-2.5,500,0,0,0,nan,nan,nan,nan
327,1.0,-2.5,500,0,0,0,nan,nan,nan,nan
328,1.0,-2.5,500,0,0,0,nan,0.014626,-0.003769,nan
329,1.0,-2.5,500,0,0,0,nan,nan,nan,nan
330,1.0,-2.5,500,0,0,0,nan,nan,nan,nan
331,1.0,-2.5,500,0,0,0,nan,nan,nan,nan
332,1.0,-2.5,500,0,0,0,nan,0.014873,0.000931,nan
333,1.0,-2.5,500,0,0,0,nan,nan,nan,nan
334,1.0,-2.5,500,0,0,0,nan,nan,nan,nan
335,1.0,-2.5,500,0,0,0,nan,nan,nan,nan
336,1.0,-2.5,500,0,0,0,nan,0.015043,0.00055,nan
337,1.0,-2.5,500,0,0,0,nan,nan,nan,nan
338,1.0,-2.5,500,0,0,0,nan,nan,nan,nan
339,1.0,-2.5,500,0,0,0,nan,nan,nan,nan
340,1.0,-2.5,500,0,0,0,nan,0.014867,1e-06,nan
341,1.0,-2.5,500,0,0,0,nan,nan,nan,nan
342,1.0,-2.5,500,0,0,0,nan,nan,nan,nan
343,1.0,-2.5,500,0,0,0,nan,nan,nan,nan
344,1.0,-2.5,500,0,0,0,nan,nan,nan,nan
345,1.0,-2.5,500,0,0,0,nan,0.0156,0.00027,nan
346,1.0,-2.5,500,0,0,0,nan,nan,nan,nan
347,1.0,-2.5,500,0,0,0,nan,nan,nan,nan
348,1.0,-2.5,500,0,0,0,nan,nan,nan,nan
349,1.0,-2.5,500,0,0,0,nan,0.014509,-0.001341,nan
350,1.0,-2.5,500,0,0,0,nan,nan,nan,nan
351,1.0,-2.5,500,0,0,0,nan,nan,nan,nan
352,1.0,-2.5,500,0,0,0,nan,nan,nan,nan
353,1.0,-2.5,500,0,0,0,nan,0.01443,-0.000467,nan
354,1.0,-2.5,500,0,0,0,nan,nan,nan,nan
355,1.0,-2.5,500,0,0,0,nan,nan,nan,nan
356,1.0,-2.5,500,0,0,0,nan,nan,nan,nan
357,1.0,-2.5,500,0,0,0,nan,0.014386,-3.4e-05,nan
358,1.0,-2.5,500,0,0,0,nan,nan,nan,nan
359,1.0,-2.5,500,0,0,0,nan,nan,nan,nan
360,1.0,-2.5,500,0,0,0,nan,nan,nan,nan
361,1.0,-2.5,500,0,0,0,nan,0.014378,0.000766,nan
362,1.0,-2.5,500,0,0,0,nan,nan,nan,nan
363,1.0,-2.5,500,0,0,0,nan,nan,nan,nan
364,1.0,-2.5,500,0,0,0,nan,nan,nan,nan
365,1.0,-2.5,500,0,0,0,nan,0.01436,0.00095,nan
366,1.0,-2.5,500,0,0,0,nan,nan,nan,nan
367,1.0,-2.5,500,0,0,0,nan,nan,nan,nan
368,1.0,-2.5,500,0,0,0,nan,nan,nan,nan
369,1.0,-2.5,500,0,0,0,nan,0.014564,0.000408,nan
370,1.0,-2.5,500,0,0,0,nan,nan,nan,nan
371,1.0,-2.5,500,0,0,0,nan,nan,nan,nan
372,1.0,-2.5,500,0,0,0,nan,nan,nan,nan
373,1.0,-2.5,500,0,0,0,nan,0.014777,0.000532,nan
374,1.0,-2.5,500,0,0,0,nan,nan,nan,nan
375,1.0,-2.5,500,0,0,0,nan,nan,nan,nan
376,1.0,-2.5,500,0,0,0,nan,nan,nan,nan
377,1.0,-2.5,500,0,0,0,nan,0.014883,-0.000116,nan
378,1.0,-2.5,500,0,0,0,nan,nan,nan,nan
379,1.0,-2.5,500,0,0,0,nan,nan,nan,nan
380,1.0,-2.5,500,0,0,0,nan,nan,nan,nan
381,1.0,-2.5,500,0,0,0,nan,0.015,0.002153,nan
382,1.0,-2.5,500,0,0,0,nan,nan,nan,nan
383,1.0,-2.5,500,0,0,0,nan,nan,nan,nan
384,1.0,-2.5,500,0,0,0,nan,nan,nan,nan
385,1.0,-2.5,500,0,0,0,nan,nan,nan,nan
386,1.0,-2.5,500,0,0,0,nan,0.016444,0.001939,nan
387,1.0,-2.5,500,0,0,0,nan,nan,nan,nan
388,1.0,-2.5,500,0,0,0,nan,nan,nan,nan
389,1.0,-2.5,500,0,0,0,nan,nan,nan,nan
390,1.0,-2.5,500,0,0,0,nan,0.014587,-0.001204,nan
391,1.0,-2.5,500,0,0,0,nan,nan,nan,nan
392,1.0,-2.5,500,0,0,0,nan,nan,nan,nan
393,1.0,-2.5,500,0,0,0,nan,nan,nan,nan
394,1.0,-2.5,500,0,0,0,nan,0.014466,0.001634,nan
395,1.0,-2.5,500,0,0,0,nan,nan,nan,nan
396,1.0,-2.5,500,0,0,0,nan,nan,nan,nan
397,1.0,-2.5,500,0,0,0,nan,nan,nan,nan
398,1.0,-2.5,500,0,0,0,nan,0.014352,0.000333,nan
399,1.0,-2.5,500,0,0,0,nan,nan,nan,nan
400,1.0,-2.5,500,0,0,0,nan,nan,nan,nan
401,1.0,-2.5,500,0,0,0,nan,nan,nan,nan
402,1.0,-2.5,500,0,0,0,nan,0.014306,-0.001792,nan
403,1.0,-2.5,500,0,0,0,nan,nan,nan,nan
404,1.0,-2.5,500,0,0,0,nan,nan,nan,nan
405,1.0,-2.5,500,0,0,0,nan,nan,nan,nan
406,1.0,-2.5,500,0,0,0,nan,0.014409,0.001561,nan
407,1.0,-2.5,500,0,0,0,nan,nan,nan,nan
408,1.0,-2.5,500,0,0,0,nan,nan,nan,nan
409,1.0,-2.5,500,0,0,0,nan,nan,nan,nan
410,1.0,-2.5,500,0,0,0,nan,0.014491,-0.002241,nan
411,1.0,-2.5,500,0,0,0,nan,nan,nan,nan
412,1.0,-2.5,500,0,0,0,nan,nan,nan,nan
413,1.0,-2.5,500,0,0,0,nan,nan,nan,nan
414,1.0,-2.5,500,0,0,0,nan,0.014609,-0.002305,nan
415,1.0,-2.5,500,0,0,0,nan,nan,nan,nan
416,1.0,-2.5,500,0,0,0,nan,nan,nan,nan
417,1.0,-2.5,500,0,0,0,nan,nan,nan,nan
418,1.0,-2.5,500,0,0,0,nan,0.014852,0.001805,nan
419,1.0,-2.5,500,0,0,0,nan,nan,nan,nan
420,1.0,-2.5,500,0,0,0,nan,nan,nan,nan
421,1.0,-2.5,500,0,0,0,nan,nan,nan,nan
422,1.0,-2.5,500,0,0,0,nan,0.014993,0.000986,nan
423,1.0,-2.5,500,0,0,0,nan,nan,nan,nan
424,1.0,-2.5,500,0,0,0,nan,nan,nan,nan
425,1.0,-2.5,500,0,0,0,nan,nan,nan,nan
426,1.0,-2.5,500,0,0,0,nan,0.014737,0.001083,nan
427,1.0,-2.5,500,0,0,0,nan,nan,nan,nan
428,1.0,-2.5,500,0,0,0,nan,nan,nan,nan
429,1.0,-2.5,500,0,0,0,nan,nan,nan,nan
430,1.0,-2.5,500,0,0,0,nan,nan,nan,nan
431,1.0,-2.5,500,0,0,0,nan,0.015185,0.000131,nan
432,1.0,-2.5,500,0,0,0,nan,nan,nan,nan
433,1.0,-2.5,500,0,0,0,nan,nan,nan,nan
434,1.0,-2.5,500,0,0,0,nan,nan,nan,nan
435,1.0,-2.5,500,0,0,0,nan,0.014471,-0.004025,nan
436,1.0,-2.5,500,0,0,0,nan,nan,nan,nan
437,1.0,-2.5,500,0,0,0,nan,nan,nan,nan
438,1.0,-2.5,500,0,0,0,nan,nan,nan,nan
439,1.0,-2.5,500,0,0,0,nan,0.014336,0.000469,nan
440,1.0,-2.5,500,0,0,0,nan,nan,nan,nan
441,1.0,-2.5,500,0,0,0,nan,nan,nan,nan
442,1.0,-2.5,500,0,0,0,nan,nan,nan,nan
443,1.0,-2.5,500,0,0,0,nan,0.014332,-0.000591,nan
444,1.0,-2.5,500,0,0,0,nan,nan,nan,nan
445,1.0,-2.5,500,0,0,0,nan,nan,nan,nan
446,1.0,-2.5,500,0,0,0,nan,nan,nan,nan
447,1.0,-2.5,500,0,0,0,nan,0.014352,-0.001874,nan
448,1.0,-2.5,500,0,0,0,nan,nan,nan,nan
449,1.0,-2.5,500,0,0,0,nan,nan,nan,nan
450,1.0,-2.5,500,0,0,0,nan,nan,nan,nan
451,1.0,-2.5,500,0,0,0,nan,0.014463,0.000341,nan
452,1.0,-2.5,500,0,0,0,nan,nan,nan,nan
453,1.0,-2.5,500,0,0,0,nan,nan,nan,nan
454,1.0,-2.5,500,0,0,0,nan,nan,nan,nan
455,1.0,-2.5,500,0,0,0,nan,0.014587,0.001906,nan
456,1.0,-2.5,500,0,0,0,nan,nan,nan,nan
457,1.0,-2.5,500,0,0,0,nan,nan,nan,nan
458,1.0,-2.5,500,0,0,0,nan,nan,nan,nan
459,1.0,-2.5,500,0,0,0,nan,0.014877,0.001242,nan
460,1.0,-2.5,500,0,0,0,nan,nan,nan,nan
461,1.0,-2.5,500,0,0,0,nan,nan,nan,nan
462,1.0,-2.5,500,0,0,0,nan,nan,nan,nan
463,1.0,-2.5,500,0,0,0,nan,0.01498,0.001228,nan
464,1.0,-2.5,500,0,0,0,nan,nan,nan,nan
465,1.0,-2.5,500,0,0,0,nan,nan,nan,nan
466,1.0,-2.5,500,0,0,0,nan,nan,nan,nan
467,1.0,-2.5,500,0,0,0,nan,0.014964,0.000338,nan
468,1.0,-2.5,500,0,0,0,nan,nan,nan,nan
469,1.0,-2.5,500,0,0,0,nan,nan,nan,nan
470,1.0,-2.5,500,0,0,0,nan,nan,nan,nan
471,1.0,-2.5,500,0,0,0,nan,nan,nan,nan
472,1.0,-2.5,500,0,0,0,nan,0.016141,-0.000107,nan
473,1.0,-2.5,500,0,0,0,nan,nan,nan,nan
474,1.0,-2.5,500,0,0,0,nan,nan,nan,nan
475,1.0,-2.5,500,0,0,0,nan,nan,nan,nan
476,1.0,-2.5,500,0,0,0,nan,0.014531,-0.00019,nan
477,1.0,-2.5,500,0,0,0,nan,nan,nan,nan
478,1.0,-2.5,500,0,0,0,nan,nan,nan,nan
479,1.0,-2.5,500,0,0,0,nan,nan,nan,nan
480,1.0,-2.5,500,0,0,0,nan,0.014398,0.001197,nan
481,1.0,-2.5,500,0,0,0,nan,nan,nan,nan
482,1.0,-2.5,500,0,0,0,nan,nan,nan,nan
483,1.0,-2.5,500,0,0,0,nan,nan,nan,nan
484,1.0,-2.5,500,0,0,0,nan,0.014339,-0.000839,nan
485,1.0,-2.5,500,0,0,0,nan,nan,nan,nan
486,1.0,-2.5,500,0,0,0,nan,nan,nan,nan
487,1.0,-2.5,500,0,0,0,nan,nan,nan,nan
488,1.0,-2.5,500,0,0,0,nan,0.014288,0.002156,nan
489,1.0,-2.5,500,0,0,0,nan,nan,nan,nan
490,1.0,-2.5,500,0,0,0,nan,nan,nan,nan
491,1.0,-2.5,500,0,0,0,nan,nan,nan,nan
492,1.0,-2.5,500,0,0,0,nan,0.014404,0.000815,nan
493,1.0,-2.5,500,0,0,0,nan,nan,nan,nan
494,1.0,-2.5,500,0,0,0,nan,nan,nan,nan
495,1.0,-2.5,500,0,0,0,nan,nan,nan,nan
496,1.0,-2.5,500,0,0,0,nan,0.014476,0.000398,nan
497,1.0,-2.5,500,0,0,0,nan,nan,nan,nan
498,1.0,-2.5,500,0,0,0,nan,nan,nan,nan
499,1.0,-2.5,500,0,0,0,nan,nan,nan,nan
500,1.0,-2.5,500,0,0,0,nan,0.014698,-0.002139,nan
501,2.0,-2.5,500,0,0,0,nan,nan,nan,nan
502,2.0,-2.5,500,0,0,0,nan,nan,nan,nan
503,2.0,-2.5,500,0,0,0,nan,nan,nan,nan
504,2.0,-2.5,500,0,0,0,nan,0.013453,-0.000749,nan
505,2.0,-2.5,500,0,0,0,nan,nan,nan,nan
506,2.0,-2.5,500,0,0,0,nan,nan,nan,nan
507,2.0,-2.5,500,0,0,0,nan,nan,nan,nan
508,2.0,-2.5,500,0,0,0,nan,0.015068,0.002034,nan
509,2.0,-2.5,500,0,0,0,nan,nan,nan,nan
510,2.0,-2.5,500,0,0,0,nan,nan,nan,nan
511,2.0,-2.5,500,0,0,0,nan,nan,nan,nan
512,2.0,-2.5,500,0,0,0,nan,0.016683,0.001873,nan
513,2.0,-2.5,500,0,0,0,nan,nan,nan,nan
514,2.0,-2.5,500,0,0,0,nan,nan,nan,nan
515,2.0,-2.5,500,0,0,0,nan,nan,nan,nan
516,2.0,-2.5,500,0,0,0,nan,nan,nan,nan
517,2.0,-2.5,500,0,0,0,nan,0.014627,0.001611,nan
518,2.0,-2.5,500,0,0,0,nan,nan,nan,nan
519,2.0,-2.5,500,0,0,0,nan,nan,nan,nan
520,2.0,-2.5,500,0,0,0,nan,nan,nan,nan
521,2.0,-2.5,500,0,0,0,nan,0.014521,-0.000348,nan
522,2.0,-2.5,500,0,0,0,nan,nan,nan,nan
523,2.0,-2.5,500,0,0,0,nan,nan,nan,nan
524,2.0,-2.5,500,0,0,0,nan,nan,nan,nan
525,2.0,-2.5,500,0,0,0,nan,0.014435,0.00222,nan
526,2.0,-2.5,500,0,0,0,nan,nan,nan,nan
527,2.0,-2.5,500,0,0,0,nan,nan,nan,nan
528,2.0,-2.5,500,0,0,0,nan,nan,nan,nan
529,2.0,-2.5,500,0,0,0,nan,0.014376,0.002431,nan
530,2.0,-2.5,500,0,0,0,nan,nan,nan,nan
531,2.0,-2.5,500,0,0,0,nan,nan,nan,nan
532,2.0,-2.5,500,0,0,0,nan,nan,nan,nan
533,2.0,-2.5,500,0,0,0,nan,0.014358,0.001074,nan
534,2.0,-2.5,500,0,0,0,nan,nan,nan,nan
535,2.0,-2.5,500,0,0,0,nan,nan,nan,nan
536,2.0,-2.5,500,0,0,0,nan,nan,nan,nan
537,2.0,-2.5,500,0,0,0,nan,0.014453,0.001949,nan
538,2.0,-2.5,500,0,0,0,nan,nan,nan,nan
539,2.0,-2.5,500,0,0,0,nan,nan,nan,nan
540,2.0,-2.5,500,0,0,0,nan,nan,nan,nan
541,2.0,-2.5,500,0,0,0,nan,0.014614,0.002265,nan
542,2.0,-2.5,500,0,0,0,nan,nan,nan,nan
543,2.0,-2.5,500,0,0,0,nan,nan,nan,nan
544,2.0,-2.5,500,0,0,0,nan,nan,nan,nan
545,2.0,-2.5,500,0,0,0,nan,0.014802,-0.000368,nan
546,2.0,-2.5,500,0,0,0,nan,nan,nan,nan
547,2.0,-2.5,500,0,0,0,nan,nan,nan,nan
548,2.0,-2.5,500,0,0,0,nan,nan,nan,nan
549,2.0,-2.5,500,0,0,0,nan,0.015038,0.001451,nan
550,2.0,-2.5,500,0,0,0,nan,nan,nan,nan
551,2.0,-2.5,500,0,0,0,nan,nan,nan,nan
552,2.0,-2.5,500,0,0,0,nan,nan,nan,nan
553,2.0,-2.5,500,0,0,0,nan,0.014913,0.001698,nan
554,2.0,-2.5,500,0,0,0,nan,nan,nan,nan
555,2.0,-2.5,500,0,0,0,nan,nan,nan,nan
556,2.0,-2.5,500,0,0,0,nan,nan,nan,nan
557,2.0,-2.5,500,0,0,0,nan,nan,nan,nan
558,2.0,-2.5,500,0,0,0,nan,0.015802,0.000951,nan
559,2.0,-2.5,500,0,0,0,nan,nan,nan,nan
560,2.0,-2.5,500,0,0,0,nan,nan,nan,nan
561,2.0,-2.5,500,0,0,0,nan,nan,nan,nan
562,2.0,-2.5,500,0,0,0,nan,0.014506,0.003082,nan
563,2.0,-2.5,500,0,0,0,nan,nan,nan,nan
564,2.0,-2.5,500,0,0,0,nan,nan,nan,nan
565,2.0,-2.5,500,0,0,0,nan,nan,nan,nan
566,2.0,-2.5,500,0,0,0,nan,0.014392,0.000347,nan
567,2.0,-2.5,500,0,0,0,nan,nan,nan,nan
568,2.0,-2.5,500,0,0,0,nan,nan,nan,nan
569,2.0,-2.5,500,0,0,0,nan,nan,nan,nan
570,2.0,-2.5,500,0,0,0,nan,0.0143,-0.0013,nan
571,2.0,-2.5,500,0,0,0,nan,nan,nan,nan
572,2.0,-2.5,500,0,0,0,nan,nan,nan,nan
573,2.0,-2.5,500,0,0,0,nan,nan,nan,nan
574,2.0,-2.5,500,0,0,0,nan,0.014303,0.000242,nan
575,2.0,-2.5,500,0,0,0,nan,nan,nan,nan
576,2.0,-2.5,500,0,0,0,nan,nan,nan,nan
577,2.0,-2.5,500,0,0,0,nan,nan,nan,nan
578,2.0,-2.5,500,0,0,0,nan,0.014421,-0.000397,nan
579,2.0,-2.5,500,0,0,0,nan,nan,nan,nan
580,2.0,-2.5,500,0,0,0,nan,nan,nan,nan
581,2.0,-2.5,500,0,0,0,nan,nan,nan,nan
582,2.0,-2.5,500,0,0,0,nan,0.014506,0.001357,nan
583,2.0,-2.5,500,0,0,0,nan,nan,nan,nan
584,2.0,-2.5,500,0,0,0,nan,nan,nan,nan
585,2.0,-2.5,500,0,0,0,nan,nan,nan,nan
586,2.0,-2.5,500,0,0,0,nan,0.014712,-0.000211,nan
587,2.0,-2.5,500,0,0,0,nan,nan,nan,nan
588,2.0,-2.5,500,0,0,0,nan,nan,nan,nan
589,2.0,-2.5,500,0,0,0,nan,nan,nan,nan
590,2.0,-2.5,500,0,0,0,nan,0.014887,0.001479,nan
591,2.0,-2.5,500,0,0,0,nan,nan,nan,nan
592,2.0,-2.5,500,0,0,0,nan,nan,nan,nan
593,2.0,-2.5,500,0,0,0,nan,nan,nan,nan
594,2.0,-2.5,500,0,0,0,nan,0.014933,0.000797,nan
595,2.0,-2.5,500,0,0,0,nan,nan,nan,nan
596,2.0,-2.5,500,0,0,0,nan,nan,nan,nan
597,2.0,-2.5,500,0,0,0,nan,nan,nan,nan
598,2.0,-2.5,500,0,0,0,nan,nan,nan,nan
599,2.0,-2.5,500,0,0,0,nan,0.016504,-0.003517,nan
600,2.0,-2.5,500,0,0,0,nan,nan,nan,nan
601,2.0,-2.5,500,0,0,0,nan,nan,nan,nan
602,2.0,-2.5,500,0,0,0,nan,nan,nan,nan
603,2.0,-2.5,500,0,0,0,nan,0.01458,-0.000493,nan
604,2.0,-2.5,500,0,0,0,nan,nan,nan,nan
605,2.0,-2.5,500,0,0,0,nan,nan,nan,nan
606,2.0,-2.5,500,0,0,0,nan,nan,nan,nan
607,2.0,-2.5,500,0,0,0,nan,0.014431,0.001261,nan
608,2.0,-2.5,500,0,0,0,nan,nan,nan,nan
609,2.0,-2.5,500,0,0,0,nan,nan,nan,nan
610,2.0,-2.5,500,0,0,0,nan,nan,nan,nan
611,2.0,-2.5,500,0,0,0,nan,0.014371,0.002345,nan
612,2.0,-2.5,500,0,0,0,nan,nan,nan,nan
613,2.0,-2.5,500,0,0,0,nan,nan,nan,nan
614,2.0,-2.5,500,0,0,0,nan,nan,nan,nan
615,2.0,-2.5,500,0,0,0,nan,0.014307,0.001585,nan
616,2.0,-2.5,500,0,0,0,nan,nan,nan,nan
617,2.0,-2.5,500,0,0,0,nan,nan,nan,nan
618,2.0,-2.5,500,0,0,0,nan,nan,nan,nan
619,2.0,-2.5,500,0,0,0,nan,0.014361,0.002294,nan
620,2.0,-2.5,500,0,0,0,nan,nan,nan,nan
621,2.0,-2.5,500,0,0,0,nan,nan,nan,nan
622,2.0,-2.5,500,0,0,0,nan,nan,nan,nan
623,2.0,-2.5,500,0,0,0,nan,0.014419,0.002403,nan
624,2.0,-2.5,500,0,0,0,nan,nan,nan,nan
625,2.0,-2.5,500,0,0,0,nan,nan,nan,nan
626,2.0,-2.5,500,0,0,0,nan,nan,nan,nan
627,2.0,-2.5,500,0,0,0,nan,0.014574,-0.001892,nan
628,2.0,-2.5,500,0,0,0,nan,nan,nan,nan
629,2.0,-2.5,500,0,0,0,nan,nan,nan,nan
630,2.0,-2.5,500,0,0,0,nan,nan,nan,nan
631,2.0,-2.5,500,0,0,0,nan,0.014821,-0.001092,nan
632,2.0,-2.5,500,0,0,0,nan,nan,nan,nan
633,2.0,-2.5,500,0,0,0,nan,nan,nan,nan
634,2.0,-2.5,500,0,0,0,nan,nan,nan,nan
635,2.0,-2.5,500,0,0,0,nan,0.01499,-0.001989,nan
636,2.0,-2.5,500,0,0,0,nan,nan,nan,nan
637,2.0,-2.5,500,0,0,0,nan,nan,nan,nan
638,2.0,-2.5,500,0,0,0,nan,nan,nan,nan
639,2.0,-2.5,500,0,0,0,nan,0.014784,0.000302,nan
640,2.0,-2.5,500,0,0,0,nan,nan,nan,nan
641,2.0,-2.5,500,0,0,0,nan,nan,nan,nan
642,2.0,-2.5,500,0,0,0,nan,nan,nan,nan
643,2.0,-2.5,500,0,0,0,nan,nan,nan,nan
644,2.0,-2.5,500,0,0,0,nan,0.015405,0.002494,nan
645,2.0,-2.5,500,0,0,0,nan,nan,nan,nan
646,2.0,-2.5,500,0,0,0,nan,nan,nan,nan
647,2.0,-2.5,500,0,0,0,nan,nan,nan,nan
648,2.0,-2.5,500,0,0,0,nan,0.014456,0.000101,nan
649,2.0,-2.5,500,0,0,0,nan,nan,nan,nan
650,2.0,-2.5,500,0,0,0,nan,nan,nan,nan
651,2.0,-2.5,500,0,0,0,nan,nan,nan,nan
652,2.0,-2.5,500,0,0,0,nan,0.014384,0.001535,nan
653,2.0,-2.5,500,0,0,0,nan,nan,nan,nan
654,2.0,-2.5,500,0,0,0,nan,nan,nan,nan
655,2.0,-2.5,500,0,0,0,nan,nan,nan,nan
656,2.0,-2.5,500,0,0,0,nan,0.014291,0.001343,nan
657,2.0,-2.5,500,0,0,0,nan,nan,nan,nan
658,2.0,-2.5,500,0,0,0,nan,nan,nan,nan
659,2.0,-2.5,500,0,0,0,nan,nan,nan,nan
660,2.0,-2.5,500,0,0,0,nan,0.014309,0.001451,nan
661,2.0,-2.5,500,0,0,0,nan,nan,nan,nan
662,2.0,-2.5,500,0,0,0,nan,nan,nan,nan
663,2.0,-2.5,500,0,0,0,nan,nan,nan,nan
664,2.0,-2.5,500,0,0,0,nan,0.014362,0.000459,nan
665,2.0,-2.5,500,0,0,0,nan,nan,nan,nan
666,2.0,-2.5,500,0,0,0,nan,nan,nan,nan
667,2.0,-2.5,500,0,0,0,nan,nan,nan,nan
668,2.0,-2.5,500,0,0,0,nan,0.014526,0.001051,nan
669,2.0,-2.5,500,0,0,0,nan,nan,nan,nan
670,2.0,-2.5,500,0,0,0,nan,nan,nan,nan
671,2.0,-2.5,500,0,0,0,nan,nan,nan,nan
672,2.0,-2.5,500,0,0,0,nan,0.014705,0.001422,nan
673,2.0,-2.5,500,0,0,0,nan,nan,nan,nan
674,2.0,-2.5,500,0,0,0,nan,nan,nan,nan
675,2.0,-2.5,500,0,0,0,nan,nan,nan,nan
676,2.0,-2.5,500,0,0,0,nan,0.014902,0.001755,nan
677,2.0,-2.5,500,0,0,0,nan,nan,nan,nan
678,2.0,-2.5,500,0,0,0,nan,nan,nan,nan
679,2.0,-2.5,500,0,0,0,nan,nan,nan,nan
680,2.0,-2.5,500,0,0,0,nan,0.014898,-5.9e-05,nan
681,2.0,-2.5,500,0,0,0,nan,nan,nan,nan
682,2.0,-2.5,500,0,0,0,nan,nan,nan,nan
683,2.0,-2.5,500,0,0,0,nan,nan,nan,nan
684,2.0,-2.5,500,0,0,0,nan,nan,nan,nan
685,2.0,-2.5,500,0,0,0,nan,0.01624,0.001121,nan
686,2.0,-2.5,500,0,0,0,nan,nan,nan,nan
687,2.0,-2.5,500,0,0,0,nan,nan,nan,nan
688,2.0,-2.5,500,0,0,0,nan,nan,nan,nan
689,2.0,-2.5,500,0,0,0,nan,0.01453,-4.9e-05,nan
690,2.0,-2.5,500,0,0,0,nan,nan,nan,nan
691,2.0,-2.5,500,0,0,0,nan,nan,nan,nan
692,2.0,-2.5,500,0,0,0,nan,nan,nan,nan
693,2.0,-2.5,500,0,0,0,nan,0.01442,0.000946,nan
694,2.0,-2.5,500,0,0,0,nan,nan,nan,nan
695,2.0,-2.5,500,0,0,0,nan,nan,nan,nan
696,2.0,-2.5,500,0,0,0,nan,nan,nan,nan
697,2.0,-2.5,500,0,0,0,nan,0.014322,0.002789,nan
698,2.0,-2.5,500,0,0,0,nan,nan,nan,nan
699,2.0,-2.5,500,0,0,0,nan,nan,nan,nan
700,2.0,-2.5,500,0,0,0,nan,nan,nan,nan
701,2.0,-2.5,500,0,0,0,nan,0.014343,-0.001875,nan
702,2.0,-2.5,500,0,0,0,nan,nan,nan,nan
703,2.0,-2.5,500,0,0,0,nan,nan,nan,nan
704,2.0,-2.5,500,0,0,0,nan,nan,nan,nan
705,2.0,-2.5,500,0,0,0,nan,0.014358,0.002544,nan
706,2.0,-2.5,500,0,0,0,nan,nan,nan,nan
707,2.0,-2.5,500,0,0,0,nan,nan,nan,nan
708,2.0,-2.5,500,0,0,0,nan,nan,nan,nan
709,2.0,-2.5,500,0,0,0,nan,0.014461,0.002041,nan
710,2.0,-2.5,500,0,0,0,nan,nan,nan,nan
711,2.0,-2.5,500,0,0,0,nan,nan,nan,nan
712,2.0,-2.5,500,0,0,0,nan,nan,nan,nan
713,2.0,-2.5,500,0,0,0,nan,0.014625,0.002296,nan
714,2.0,-2.5,500,0,0,0,nan,nan,nan,nan
715,2.0,-2.5,500,0,0,0,nan,nan,nan,nan
716,2.0,-2.5,500,0,0,0,nan,nan,nan,nan
717,2.0,-2.5,500,0,0,0,nan,0.014855,0.001725,nan
718,2.0,-2.5,500,0,0,0,nan,nan,nan,nan
719,2.0,-2.5,500,0,0,0,nan,nan,nan,nan
720,2.0,-2.5,500,0,0,0,nan,nan,nan,nan
721,2.0,-2.5,500,0,0,0,nan,0.014962,0.002298,nan
722,2.0,-2.5,500,0,0,0,nan,nan,nan,nan
723,2.0,-2.5,500,0,0,0,nan,nan,nan,nan
724,2.0,-2.5,500,0,0,0,nan,nan,nan,nan
725,2.0,-2.5,500,0,0,0,nan,0.014648,0.003123,nan
726,2.0,-2.5,500,0,0,0,nan,nan,nan,nan
727,2.0,-2.5,500,0,0,0,nan,nan,nan,nan
728,2.0,-2.5,500,0,0,0,nan,nan,nan,nan
729,2.0,-2.5,500,0,0,0,nan,nan,nan,nan
730,2.0,-2.5,500,0,0,0,nan,0.01489,0.002977,nan
731,2.0,-2.5,500,0,0,0,nan,nan,nan,nan
732,2.0,-2.5,500,0,0,0,nan,nan,nan,nan
733,2.0,-2.5,500,0,0,0,nan,nan,nan,nan
734,2.0,-2.5,500,0,0,0,nan,0.01446,0.001371,nan
735,2.0,-2.5,500,0,0,0,nan,nan,nan,nan
736,2.0,-2.5,500,0,0,0,nan,nan,nan,nan
737,2.0,-2.5,500,0,0,0,nan,nan,nan,nan
738,2.0,-2.5,500,0,0,0,nan,0.014353,0.003622,nan
739,2.0,-2.5,500,0,0,0,nan,nan,nan,nan
740,2.0,-2.5,500,0,0,0,nan,nan,nan,nan
741,2.0,-2.5,500,0,0,0,nan,nan,nan,nan
742,2.0,-2.5,500,0,0,0,nan,0.014269,0.000305,nan
743,2.0,-2.5,500,0,0,0,nan,nan,nan,nan
744,2.0,-2.5,500,0,0,0,nan,nan,nan,nan
745,2.0,-2.5,500,0,0,0,nan,nan,nan,nan
746,2.0,-2.5,500,0,0,0,nan,0.014359,0.002128,nan
747,2.0,-2.5,500,0,0,0,nan,nan,nan,nan
748,2.0,-2.5,500,0,0,0,nan,nan,nan,nan
749,2.0,-2.5,500,0,0,0,nan,nan,nan,nan
750,2.0,-2.5,500,0,0,0,nan,0.014407,0.00079,nan
751,2.0,-2.5,500,0,0,0,nan,nan,nan,nan
752,2.0,-2.5,500,0,0,0,nan,nan,nan,nan
753,2.0,-2.5,500,0,0,0,nan,nan,nan,nan
754,2.0,-2.5,500,0,0,0,nan,0.014503,0.003767,nan
755,2.0,-2.5,500,0,0,0,nan,nan,nan,nan
756,2.0,-2.5,500,0,0,0,nan,nan,nan,nan
757,2.0,-2.5,500,0,0,0,nan,nan,nan,nan
758,2.0,-2.5,500,0,0,0,nan,0.014746,0.000691,nan
759,2.0,-2.5,500,0,0,0,nan,nan,nan,nan
760,2.0,-2.5,500,0,0,0,nan,nan,nan,nan
761,2.0,-2.5,500,0,0,0,nan,nan,nan,nan
762,2.0,-2.5,500,0,0,0,nan,0.014932,0.004914,nan
763,2.0,-2.5,500,0,0,0,nan,nan,nan,nan
764,2.0,-2.5,500,0,0,0,nan,nan,nan,nan
765,2.0,-2.5,500,0,0,0,nan,nan,nan,nan
766,2.0,-2.5,500,0,0,0,nan,0.014918,0.001776,nan
767,2.0,-2.5,500,0,0,0,nan,nan,nan,nan
768,2.0,-2.5,500,0,0,0,nan,nan,nan,nan
769,2.0,-2.5,500,0,0,0,nan,nan,nan,nan
770,2.0,-2.5,500,0,0,0,nan,nan,nan,nan
771,2.0,-2.5,500,0,0,0,nan,0.015962,0.005607,nan
772,2.0,-2.5,500,0,0,0,nan,nan,nan,nan
773,2.0,-2.5,500,0,0,0,nan,nan,nan,nan
774,2.0,-2.5,500,0,0,0,nan,nan,nan,nan
775,2.0,-2.5,500,0,0,0,nan,0.014482,0.001389,nan
776,2.0,-2.5,500,0,0,0,nan,nan,nan,nan
777,2.0,-2.5,500,0,0,0,nan,nan,nan,nan
778,2.0,-2.5,500,0,0,0,nan,nan,nan,nan
779,2.0,-2.5,500,0,0,0,nan,0.014372,0.002655,nan
780,2.0,-2.5,500,0,0,0,nan,nan,nan,nan
781,2.0,-2.5,500,0,0,0,nan,nan,nan,nan
782,2.0,-2.5,500,0,0,0,nan,nan,nan,nan
783,2.0,-2.5,500,0,0,0,nan,0.014328,-0.000413,nan
784,2.0,-2.5,500,0,0,0,nan,nan,nan,nan
785,2.0,-2.5,500,0,0,0,nan,nan,nan,nan
786,2.0,-2.5,500,0,0,0,nan,nan,nan,nan
787,2.0,-2.5,500,0,0,0,nan,0.014342,0.001813,nan
788,2.0,-2.5,500,0,0,0,nan,nan,nan,nan
789,2.0,-2.5,500,0,0,0,nan,nan,nan,nan
790,2.0,-2.5,500,0,0,0,nan,nan,nan,nan
791,2.0,-2.5,500,0,0,0,nan,0.014365,0.005424,nan
792,2.0,-2.5,500,0,0,0,nan,nan,nan,nan
793,2.0,-2.5,500,0,0,0,nan,nan,nan,nan
794,2.0,-2.5,500,0,0,0,nan,nan,nan,nan
795,2.0,-2.5,500,0,0,0,nan,0.014475,0.002642,nan
796,2.0,-2.5,500,0,0,0,nan,nan,nan,nan
797,2.0,-2.5,500,0,0,0,nan,nan,nan,nan
798,2.0,-2.5,500,0,0,0,nan,nan,nan,nan
799,2.0,-2.5,500,0,0,0,nan,0.014651,0.003303,nan
800,2.0,-2.5,500,0,0,0,nan,nan,nan,nan
801,2.0,-2.5,500,0,0,0,nan,nan,nan,nan
802,2.0,-2.5,500,0,0,0,nan,nan,nan,nan
803,2.0,-2.5,500,0,0,0,nan,0.014893,0.001222,nan
804,2.0,-2.5,500,0,0,0,nan,nan,nan,nan
805,2.0,-2.5,500,0,0,0,nan,nan,nan,nan
806,2.0,-2.5,500,0,0,0,nan,nan,nan,nan
807,2.0,-2.5,500,0,0,0,nan,0.014962,0.003999,nan
808,2.0,-2.5,500,0,0,0,nan,nan,nan,nan
809,2.0,-2.5,500,0,0,0,nan,nan,nan,nan
810,2.0,-2.5,500,0,0,0,nan,nan,nan,nan
811,2.0,-2.5,500,0,0,0,nan,nan,nan,nan
812,2.0,-2.5,500,0,0,0,nan,0.016559,0.002443,nan
813,2.0,-2.5,500,0,0,0,nan,nan,nan,nan
814,2.0,-2.5,500,0,0,0,nan,nan,nan,nan
815,2.0,-2.5,500,0,0,0,nan,nan,nan,nan
816,2.0,-2.5,500,0,0,0,nan,0.014594,0.002585,nan
817,2.0,-2.5,500,0,0,0,nan,nan,nan,nan
818,2.0,-2.5,500,0,0,0,nan,nan,nan,nan
819,2.0,-2.5,500,0,0,0,nan,nan,nan,nan
820,2.0,-2.5,500,0,0,0,nan,0.014444,0.002505,nan
821,2.0,-2.5,500,0,0,0,nan,nan,nan,nan
822,2.0,-2.5,500,0,0,0,nan,nan,nan,nan
823,2.0,-2.5,500,0,0,0,nan,nan,nan,nan
824,2.0,-2.5,500,0,0,0,nan,0.014398,0.001196,nan
825,2.0,-2.5,500,0,0,0,nan,nan,nan,nan
826,2.0,-2.5,500,0,0,0,nan,nan,nan,nan
827,2.0,-2.5,500,0,0,0,nan,nan,nan,nan
828,2.0,-2.5,500,0,0,0,nan,0.014327,0.00305,nan
829,2.0,-2.5,500,0,0,0,nan,nan,nan,nan
830,2.0,-2.5,500,0,0,0,nan,nan,nan,nan
831,2.0,-2.5,500,0,0,0,nan,nan,nan,nan
832,2.0,-2.5,500,0,0,0,nan,0.014334,0.00409,nan
833,2.0,-2.5,500,0,0,0,nan,nan,nan,nan
834,2.0,-2.5,500,0,0,0,nan,nan,nan,nan
835,2.0,-2.5,500,0,0,0,nan,nan,nan,nan
836,2.0,-2.5,500,0,0,0,nan,0.014389,0.004625,nan
837,2.0,-2.5,500,0,0,0,nan,nan,nan,nan
838,2.0,-2.5,500,0,0,0,nan,nan,nan,nan
839,2.0,-2.5,500,0,0,0,nan,nan,nan,nan
840,2.0,-2.5,500,0,0,0,nan,0.014552,0.003332,nan
841,2.0,-2.5,500,0,0,0,nan,nan,nan,nan
842,2.0,-2.5,500,0,0,0,nan,nan,nan,nan
843,2.0,-2.5,500,0,0,0,nan,nan,nan,nan
844,2.0,-2.5,500,0,0,0,nan,0.014762,-0.000932,nan
845,2.0,-2.5,500,0,0,0,nan,nan,nan,nan
846,2.0,-2.5,500,0,0,0,nan,nan,nan,nan
847,2.0,-2.5,500,0,0,0,nan,nan,nan,nan
848,2.0,-2.5,500,0,0,0,nan,0.014988,0.004625,nan
849,2.0,-2.5,500,0,0,0,nan,nan,nan,nan
850,2.0,-2.5,500,0,0,0,nan,nan,nan,nan
851,2.0,-2.5,500,0,0,0,nan,nan,nan,nan
852,2.0,-2.5,500,0,0,0,nan,0.014818,0.002228,nan
853,2.0,-2.5,500,0,0,0,nan,nan,nan,nan
854,2.0,-2.5,500,0,0,0,nan,nan,nan,nan
855,2.0,-2.5,500,0,0,0,nan,nan,nan,nan
856,2.0,-2.5,500,0,0,0,nan,nan,nan,nan
857,2.0,-2.5,500,0,0,0,nan,0.015583,0.003947,nan
858,2.0,-2.5,500,0,0,0,nan,nan,nan,nan
859,2.0,-2.5,500,0,0,0,nan,nan,nan,nan
860,2.0,-2.5,500,0,0,0,nan,nan,nan,nan
861,2.0,-2.5,500,0,0,0,nan,0.014501,0.003288,nan
862,2.0,-2.5,500,0,0,0,nan,nan,nan,nan
863,2.0,-2.5,500,0,0,0,nan,nan,nan,nan
864,2.0,-2.5,500,0,0,0,nan,nan,nan,nan
865,2.0,-2.5,500,0,0,0,nan,0.014368,0.000143,nan
866,2.0,-2.5,500,0,0,0,nan,nan,nan,nan
867,2.0,-2.5,500,0,0,0,nan,nan,nan,nan
868,2.0,-2.5,500,0,0,0,nan,nan,nan,nan
869,2.0,-2.5,500,0,0,0,nan,0.014305,0.003903,nan
870,2.0,-2.5,500,0,0,0,nan,nan,nan,nan
871,2.0,-2.5,500,0,0,0,nan,nan,nan,nan
872,2.0,-2.5,500,0,0,0,nan,nan,nan,nan
873,2.0,-2.5,500,0,0,0,nan,0.014317,0.002478,nan
874,2.0,-2.5,500,0,0,0,nan,nan,nan,nan
875,2.0,-2.5,500,0,0,0,nan,nan,nan,nan
876,2.0,-2.5,500,0,0,0,nan,nan,nan,nan
877,2.0,-2.5,500,0,0,0,nan,0.014321,0.002559,nan
878,2.0,-2.5,500,0,0,0,nan,nan,nan,nan
879,2.0,-2.5,500,0,0,0,nan,nan,nan,nan
880,2.0,-2.5,500,0,0,0,nan,nan,nan,nan
881,2.0,-2.5,500,0,0,0,nan,0.014506,0.004073,nan
882,2.0,-2.5,500,0,0,0,nan,nan,nan,nan
883,2.0,-2.5,500,0,0,0,nan,nan,nan,nan
884,2.0,-2.5,500,0,0,0,nan,nan,nan,nan
885,2.0,-2.5,500,0,0,0,nan,0.014672,0.00495,nan
886,2.0,-2.5,500,0,0,0,nan,nan,nan,nan
887,2.0,-2.5,500,0,0,0,nan,nan,nan,nan
888,2.0,-2.5,500,0,0,0,nan,nan,nan,nan
889,2.0,-2.5,500,0,0,0,nan,0.014864,0.004129,nan
890,2.0,-2.5,500,0,0,0,nan,nan,nan,nan
891,2.0,-2.5,500,0,0,0,nan,nan,nan,nan
892,2.0,-2.5,500,0,0,0,nan,nan,nan,nan
893,2.0,-2.5,500,0,0,0,nan,0.014897,0.004764,nan
894,2.0,-2.5,500,0,0,0,nan,nan,nan,nan
895,2.0,-2.5,500,0,0,0,nan,nan,nan,nan
896,2.0,-2.5,500,0,0,0,nan,nan,nan,nan
897,2.0,-2.5,500,0,0,0,nan,nan,nan,nan
898,2.0,-2.5,500,0,0,0,nan,0.01635,0.001538,nan
899,2.0,-2.5,500,0,0,0,nan,nan,nan,nan
900,2.0,-2.5,500,0,0,0,nan,nan,nan,nan
901,2.0,-2.5,500,0,0,0,nan,nan,nan,nan
902,2.0,-2.5,500,0,0,0,nan,0.014528,0.002386,nan
903,2.0,-2.5,500,0,0,0,nan,nan,nan,nan
904,2.0,-2.5,500,0,0,0,nan,nan,nan,nan
905,2.0,-2.5,500,0,0,0,nan,nan,nan,nan
906,2.0,-2.5,500,0,0,0,nan,0.014397,0.002797,nan
907,2.0,-2.5,500,0,0,0,nan,nan,nan,nan
908,2.0,-2.5,500,0,0,0,nan,nan,nan,nan
909,2.0,-2.5,500,0,0,0,nan,nan,nan,nan
910,2.0,-2.5,500,0,0,0,nan,0.014304,0.00262,nan
911,2.0,-2.5,500,0,0,0,nan,nan,nan,nan
912,2.0,-2.5,500,0,0,0,nan,nan,nan,nan
913,2.0,-2.5,500,0,0,0,nan,nan,nan,nan
914,2.0,-2.5,500,0,0,0,nan,0.014273,0.004946,nan
915,2.0,-2.5,500,0,0,0,nan,nan,nan,nan
916,2.0,-2.5,500,0,0,0,nan,nan,nan,nan
917,2.0,-2.5,500,0,0,0,nan,nan,nan,nan
918,2.0,-2.5,500,0,0,0,nan,0.014315,0.003061,nan
919,2.0,-2.5,500,0,0,0,nan,nan,nan,nan
920,2.0,-2.5,500,0,0,0,nan,nan,nan,nan
921,2.0,-2.5,500,0,0,0,nan,nan,nan,nan
922,2.0,-2.5,500,0,0,0,nan,0.01445,0.005259,nan
923,2.0,-2.5,500,0,0,0,nan,nan,nan,nan
924,2.0,-2.5,500,0,0,0,nan,nan,nan,nan
925,2.0,-2.5,500,0,0,0,nan,nan,nan,nan
926,2.0,-2.5,500,0,0,0,nan,0.014584,0.001529,nan
927,2.0,-2.5,500,0,0,0,nan,nan,nan,nan
928,2.0,-2.5,500,0,0,0,nan,nan,nan,nan
929,2.0,-2.5,500,0,0,0,nan,nan,nan,nan
930,2.0,-2.5,500,0,0,0,nan,0.014824,0.007543,nan
931,2.0,-2.5,500,0,0,0,nan,nan,nan,nan
932,2.0,-2.5,500,0,0,0,nan,nan,nan,nan
933,2.0,-2.5,500,0,0,0,nan,nan,nan,nan
934,2.0,-2.5,500,0,0,0,nan,0.014975,0.000131,nan
935,2.0,-2.5,500,0,0,0,nan,nan,nan,nan
936,2.0,-2.5,500,0,0,0,nan,nan,nan,nan
937,2.0,-2.5,500,0,0,0,nan,nan,nan,nan
938,2.0,-2.5,500,0,0,0,nan,0.014744,0.002307,nan
939,2.0,-2.5,500,0,0,0,nan,nan,nan,nan
940,2.0,-2.5,500,0,0,0,nan,nan,nan,nan
941,2.0,-2.5,500,0,0,0,nan,nan,nan,nan
942,2.0,-2.5,500,0,0,0,nan,nan,nan,nan
943,2.0,-2.5,500,0,0,0,nan,0.015128,0.003154,nan
944,2.0,-2.5,500,0,0,0,nan,nan,nan,nan
945,2.0,-2.5,500,0,0,0,nan,nan,nan,nan
946,2.0,-2.5,500,0,0,0,nan,nan,nan,nan
947,2.0,-2.5,500,0,0,0,nan,0.014443,0.010202,nan
948,2.0,-2.5,500,0,0,0,nan,nan,nan,nan
949,2.0,-2.5,500,0,0,0,nan,nan,nan,nan
950,2.0,-2.5,500,0,0,0,nan,nan,nan,nan
951,2.0,-2.5,500,0,0,0,nan,0.014336,0.003222,nan
952,2.0,-2.5,500,0,0,0,nan,nan,nan,nan
953,2.0,-2.5,500,0,0,0,nan,nan,nan,nan
954,2.0,-2.5,500,0,0,0,nan,nan,nan,nan
955,2.0,-2.5,500,0,0,0,nan,0.014299,0.00048,nan
956,2.0,-2.5,500,0,0,0,nan,nan,nan,nan
957,2.0,-2.5,500,0,0,0,nan,nan,nan,nan
958,2.0,-2.5,500,0,0,0,nan,nan,nan,nan
959,2.0,-2.5,500,0,0,0,nan,0.014332,0.005635,nan
960,2.0,-2.5,500,0,0,0,nan,nan,nan,nan
961,2.0,-2.5,500,0,0,0,nan,nan,nan,nan
962,2.0,-2.5,500,0,0,0,nan,nan,nan,nan
963,2.0,-2.5,500,0,0,0,nan,0.01439,0.004783,nan
964,2.0,-2.5,500,0,0,0,nan,nan,nan,nan
965,2.0,-2.5,500,0,0,0,nan,nan,nan,nan
966,2.0,-2.5,500,0,0,0,nan,nan,nan,nan
967,2.0,-2.5,500,0,0,0,nan,0.014507,0.004709,nan
968,2.0,-2.5,500,0,0,0,nan,nan,nan,nan
969,2.0,-2.5,500,0,0,0,nan,nan,nan,nan
970,2.0,-2.5,500,0,0,0,nan,nan,nan,nan
971,2.0,-2.5,500,0,0,0,nan,0.014703,0.003459,nan
972,2.0,-2.5,500,0,0,0,nan,nan,nan,nan
973,2.0,-2.5,500,0,0,0,nan,nan,nan,nan
974,2.0,-2.5,500,0,0,0,nan,nan,nan,nan
975,2.0,-2.5,500,0,0,0,nan,0.014912,-0.001451,nan
976,2.0,-2.5,500,0,0,0,nan,nan,nan,nan
977,2.0,-2.5,500,0,0,0,nan,nan,nan,nan
978,2.0,-2.5,500,0,0,0,nan,nan,nan,nan
979,2.0,-2.5,500,0,0,0,nan,0.014911,0.003143,nan
980,2.0,-2.5,500,0,0,0,nan,nan,nan,nan
981,2.0,-2.5,500,0,0,0,nan,nan,nan,nan
982,2.0,-2.5,500,0,0,0,nan,nan,nan,nan
983,2.0,-2.5,500,0,0,0,nan,nan,nan,nan
984,2.0,-2.5,500,0,0,0,nan,0.016091,0.004702,nan
985,2.0,-2.5,500,0,0,0,nan,nan,nan,nan
986,2.0,-2.5,500,0,0,0,nan,nan,nan,nan
987,2.0,-2.5,500,0,0,0,nan,nan,nan,nan
988,2.0,-2.5,500,0,0,0,nan,0.014503,0.004179,nan
989,2.0,-2.5,500,0,0,0,nan,nan,nan,nan
990,2.0,-2.5,500,0,0,0,nan,nan,nan,nan
991,2.0,-2.5,500,0,0,0,nan,nan,nan,nan
992,2.0,-2.5,500,0,0,0,nan,0.014401,0.004954,nan
993,2.0,-2.5,500,0,0,0,nan,nan,nan,nan
994,2.0,-2.5,500,0,0,0,nan,nan,nan,nan
995,2.0,-2.5,500,0,0,0,nan,nan,nan,nan
996,2.0,-2.5,500,0,0,0,nan,0.014312,0.005695,nan
997,2.0,-2.5,500,0,0,0,nan,nan,nan,nan
998,2.0,-2.5,500,0,0,0,nan,nan,nan,nan
999,2.0,-2.5,500,0,0,0,nan,nan,nan,nan
1000,2.0,-2.5,500,0,0,0,nan,0.014292,0.008548,nan
